,order_id,customer_id,employee_id,order_date,required_date,shipped_date,ship_via,freight,ship_name,ship_address,ship_city,ship_region,ship_postal_code,ship_country
0,10248,VINET,5,1996-07-04,1996-08-01,1996-07-16,3,32.38,Vins et alcools Chevalier,59 rue de l'Abbaye,Reims,,51100,France
1,10251,VICTE,3,1996-07-08,1996-08-05,1996-07-15,1,41.34,Victuailles en stock,"2, rue du Commerce",Lyon,,69004,France
2,10254,CHOPS,5,1996-07-11,1996-08-08,1996-07-23,2,22.98,Chop-suey Chinese,Hauptstr. 31,Bern,,3012,Switzerland
3,10256,WELLI,3,1996-07-15,1996-08-12,1996-07-17,2,13.97,Wellington Importadora,"Rua do Mercado, 12",Resende,SP,08737-363,Brazil
4,10258,ERNSH,1,1996-07-17,1996-08-14,1996-07-23,1,140.51,Ernst Handel,Kirchgasse 6,Graz,,8010,Austria
5,10262,RATTC,8,1996-07-22,1996-08-19,1996-07-25,3,48.29,Rattlesnake Canyon Grocery,2817 Milton Dr.,Albuquerque,NM,87110,USA
6,10263,ERNSH,9,1996-07-23,1996-08-20,1996-07-31,3,146.06,Ernst Handel,Kirchgasse 6,Graz,,8010,Austria
7,10266,WARTH,3,1996-07-26,1996-09-06,1996-07-31,3,25.73,Wartian Herkku,Torikatu 38,Oulu,,90110,Finland
8,10269,WHITC,5,1996-07-31,1996-08-14,1996-08-09,1,4.56,White Clover Markets,1029 - 12th Ave. S.,Seattle,WA,98124,USA
9,10270,WARTH,1,1996-08-01,1996-08-29,1996-08-02,1,136.54,Wartian Herkku,Torikatu 38,Oulu,,90110,Finland
10,10271,SPLIR,6,1996-08-01,1996-08-29,1996-08-30,2,4.54,Split Rail Beer & Ale,P.O. Box 555,Lander,WY,82520,USA
11,10272,RATTC,6,1996-08-02,1996-08-30,1996-08-06,2,98.03,Rattlesnake Canyon Grocery,2817 Milton Dr.,Albuquerque,NM,87110,USA
12,10274,VINET,6,1996-08-06,1996-09-03,1996-08-16,1,6.01,Vins et alcools Chevalier,59 rue de l'Abbaye,Reims,,51100,France
13,10275,MAGAA,1,1996-08-07,1996-09-04,1996-08-09,1,26.93,Magazzini Alimentari Riuniti,Via Ludovico il Moro 22,Bergamo,,24100,Italy
14,10277,MORGK,2,1996-08-09,1996-09-06,1996-08-13,3,125.77,Morgenstern Gesundkost,Heerstr. 22,Leipzig,,04179,Germany
15,10279,LEHMS,8,1996-08-13,1996-09-10,1996-08-16,2,25.83,Lehmanns Marktstand,Magazinweg 7,Frankfurt a.M.,,60528,Germany
16,10284,LEHMS,4,1996-08-19,1996-09-16,1996-08-27,1,76.56,Lehmanns Marktstand,Magazinweg 7,Frankfurt a.M.,,60528,Germany
17,10287,RICAR,8,1996-08-22,1996-09-19,1996-08-28,3,12.76,Ricardo Adocicados,"Av. Copacabana, 267",Rio de Janeiro,RJ,02389-890,Brazil
18,10288,REGGC,4,1996-08-23,1996-09-20,1996-09-03,1,7.45,Reggiani Caseifici,Strada Provinciale 124,Reggio Emilia,,42100,Italy
19,10289,BSBEV,7,1996-08-26,1996-09-23,1996-08-28,3,22.77,B's Beverages,Fauntleroy Circus,London,,EC2 5NT,UK
20,10294,RATTC,4,1996-08-30,1996-09-27,1996-09-05,2,147.26,Rattlesnake Canyon Grocery,2817 Milton Dr.,Albuquerque,NM,87110,USA
21,10295,VINET,2,1996-09-02,1996-09-30,1996-09-10,2,1.15,Vins et alcools Chevalier,59 rue de l'Abbaye,Reims,,51100,France
22,10298,HUNGO,6,1996-09-05,1996-10-03,1996-09-11,2,168.22,Hungry Owl All-Night Grocers,8 Johnstown Road,Cork,Co. Cork,,Ireland
23,10299,RICAR,4,1996-09-06,1996-10-04,1996-09-13,2,29.76,Ricardo Adocicados,"Av. Copacabana, 267",Rio de Janeiro,RJ,02389-890,Brazil
24,10300,MAGAA,2,1996-09-09,1996-10-07,1996-09-18,2,17.68,Magazzini Alimentari Riuniti,Via Ludovico il Moro 22,Bergamo,,24100,Italy
25,10301,WANDK,8,1996-09-09,1996-10-07,1996-09-17,2,45.08,Die Wandernde Kuh,Adenauerallee 900,Stuttgart,,70563,Germany
26,10305,OLDWO,8,1996-09-13,1996-10-11,1996-10-09,3,257.62,Old World Delicatessen,2743 Bering St.,Anchorage,AK,99508,USA
27,10307,LONEP,2,1996-09-17,1996-10-15,1996-09-25,2,0.56,Lonesome Pine Restaurant,89 Chiaroscuro Rd.,Portland,OR,97219,USA
28,10309,HUNGO,3,1996-09-19,1996-10-17,1996-10-23,1,47.3,Hungry Owl All-Night Grocers,8 Johnstown Road,Cork,Co. Cork,,Ireland
29,10310,THEBI,8,1996-09-20,1996-10-18,1996-09-27,2,17.52,The Big Cheese,89 Jefferson Way Suite 2,Portland,OR,97201,USA
30,10311,DUMON,1,1996-09-20,1996-10-04,1996-09-26,3,24.69,Du monde entier,"67, rue des Cinquante Otages",Nantes,,44000,France
31,10312,WANDK,2,1996-09-23,1996-10-21,1996-10-03,2,40.26,Die Wandernde Kuh,Adenauerallee 900,Stuttgart,,70563,Germany
32,10314,RATTC,1,1996-09-25,1996-10-23,1996-10-04,2,74.16,Rattlesnake Canyon Grocery,2817 Milton Dr.,Albuquerque,NM,87110,USA
33,10315,ISLAT,4,1996-09-26,1996-10-24,1996-10-03,2,41.76,Island Trading,Garden House Crowther Way,Cowes,Isle of Wight,PO31 7PJ,UK
34,10316,RATTC,1,1996-09-27,1996-10-25,1996-10-08,3,150.15,Rattlesnake Canyon Grocery,2817 Milton Dr.,Albuquerque,NM,87110,USA
35,10317,LONEP,6,1996-09-30,1996-10-28,1996-10-10,1,12.69,Lonesome Pine Restaurant,89 Chiaroscuro Rd.,Portland,OR,97219,USA
36,10318,ISLAT,8,1996-10-01,1996-10-29,1996-10-04,2,4.73,Island Trading,Garden House Crowther Way,Cowes,Isle of Wight,PO31 7PJ,UK
37,10320,WARTH,5,1996-10-03,1996-10-17,1996-10-18,3,34.57,Wartian Herkku,Torikatu 38,Oulu,,90110,Finland
38,10321,ISLAT,3,1996-10-03,1996-10-31,1996-10-11,2,3.43,Island Trading,Garden House Crowther Way,Cowes,Isle of Wight,PO31 7PJ,UK
39,10324,SAVEA,9,1996-10-08,1996-11-05,1996-10-10,1,214.27,Save-a-lot Markets,187 Suffolk Ln.,Boise,ID,83720,USA
40,10328,FURIB,4,1996-10-14,1996-11-11,1996-10-17,3,87.03,Furia Bacalhau e Frutos do Mar,Jardim das rosas n. 32,Lisboa,,1675,Portugal
41,10329,SPLIR,4,1996-10-15,1996-11-26,1996-10-23,2,191.67,Split Rail Beer & Ale,P.O. Box 555,Lander,WY,82520,USA
42,10331,BONAP,9,1996-10-16,1996-11-27,1996-10-21,1,10.19,Bon app',"12, rue des Bouchers",Marseille,,13008,France
43,10333,WARTH,5,1996-10-18,1996-11-15,1996-10-25,3,0.59,Wartian Herkku,Torikatu 38,Oulu,,90110,Finland
44,10334,VICTE,8,1996-10-21,1996-11-18,1996-10-28,2,8.56,Victuailles en stock,"2, rue du Commerce",Lyon,,69004,France
45,10335,HUNGO,7,1996-10-22,1996-11-19,1996-10-24,2,42.11,Hungry Owl All-Night Grocers,8 Johnstown Road,Cork,Co. Cork,,Ireland
46,10338,OLDWO,4,1996-10-25,1996-11-22,1996-10-29,3,84.21,Old World Delicatessen,2743 Bering St.,Anchorage,AK,99508,USA
47,10340,BONAP,1,1996-10-29,1996-11-26,1996-11-08,3,166.31,Bon app',"12, rue des Bouchers",Marseille,,13008,France
48,10343,LEHMS,4,1996-10-31,1996-11-28,1996-11-06,1,110.37,Lehmanns Marktstand,Magazinweg 7,Frankfurt a.M.,,60528,Germany
49,10344,WHITC,4,1996-11-01,1996-11-29,1996-11-05,2,23.29,White Clover Markets,1029 - 12th Ave. S.,Seattle,WA,98124,USA
50,10346,RATTC,3,1996-11-05,1996-12-17,1996-11-08,3,142.08,Rattlesnake Canyon Grocery,2817 Milton Dr.,Albuquerque,NM,87110,USA
51,10348,WANDK,4,1996-11-07,1996-12-05,1996-11-15,2,0.78,Die Wandernde Kuh,Adenauerallee 900,Stuttgart,,70563,Germany
52,10349,SPLIR,7,1996-11-08,1996-12-06,1996-11-15,1,8.63,Split Rail Beer & Ale,P.O. Box 555,Lander,WY,82520,USA
53,10350,LAMAI,6,1996-11-11,1996-12-09,1996-12-03,2,64.19,La maison d'Asie,1 rue Alsace-Lorraine,Toulouse,,31000,France
54,10351,ERNSH,1,1996-11-11,1996-12-09,1996-11-20,1,162.33,Ernst Handel,Kirchgasse 6,Graz,,8010,Austria
55,10352,FURIB,3,1996-11-12,1996-11-26,1996-11-18,3,1.3,Furia Bacalhau e Frutos do Mar,Jardim das rosas n. 32,Lisboa,,1675,Portugal
56,10353,PICCO,7,1996-11-13,1996-12-11,1996-11-25,3,360.63,Piccolo und mehr,Geislweg 14,Salzburg,,5020,Austria
57,10355,AROUT,6,1996-11-15,1996-12-13,1996-11-20,1,41.95,Around the Horn,Brook Farm Stratford St. Mary,Colchester,Essex,CO7 6JX,UK
58,10356,WANDK,6,1996-11-18,1996-12-16,1996-11-27,2,36.71,Die Wandernde Kuh,Adenauerallee 900,Stuttgart,,70563,Germany
59,10358,LAMAI,5,1996-11-20,1996-12-18,1996-11-27,1,19.64,La maison d'Asie,1 rue Alsace-Lorraine,Toulouse,,31000,France
60,10359,SEVES,5,1996-11-21,1996-12-19,1996-11-26,3,288.43,Seven Seas Imports,90 Wadhurst Rd.,London,,OX15 4NB,UK
61,10362,BONAP,3,1996-11-25,1996-12-23,1996-11-28,1,96.04,Bon app',"12, rue des Bouchers",Marseille,,13008,France
62,10363,DRACD,4,1996-11-26,1996-12-24,1996-12-04,3,30.54,Drachenblut Delikatessen,Walserweg 21,Aachen,,52066,Germany
63,10364,EASTC,1,1996-11-26,1997-01-07,1996-12-04,1,71.97,Eastern Connection,35 King George,London,,WX3 6FW,UK
64,10368,ERNSH,2,1996-11-29,1996-12-27,1996-12-02,2,101.95,Ernst Handel,Kirchgasse 6,Graz,,8010,Austria
65,10369,SPLIR,8,1996-12-02,1996-12-30,1996-12-09,2,195.68,Split Rail Beer & Ale,P.O. Box 555,Lander,WY,82520,USA
66,10370,CHOPS,6,1996-12-03,1996-12-31,1996-12-27,2,1.17,Chop-suey Chinese,Hauptstr. 31,Bern,,3012,Switzerland
67,10371,LAMAI,1,1996-12-03,1996-12-31,1996-12-24,1,0.45,La maison d'Asie,1 rue Alsace-Lorraine,Toulouse,,31000,France
68,10373,HUNGO,4,1996-12-05,1997-01-02,1996-12-11,3,124.12,Hungry Owl All-Night Grocers,8 Johnstown Road,Cork,Co. Cork,,Ireland
69,10374,WOLZA,1,1996-12-05,1997-01-02,1996-12-09,3,3.94,Wolski Zajazd,ul. Filtrowa 68,Warszawa,,01-012,Poland
70,10375,HUNGC,3,1996-12-06,1997-01-03,1996-12-09,2,20.12,Hungry Coyote Import Store,City Center Plaza 516 Main St.,Elgin,OR,97827,USA
71,10377,SEVES,1,1996-12-09,1997-01-06,1996-12-13,3,22.21,Seven Seas Imports,90 Wadhurst Rd.,London,,OX15 4NB,UK
72,10380,HUNGO,8,1996-12-12,1997-01-09,1997-01-16,3,35.03,Hungry Owl All-Night Grocers,8 Johnstown Road,Cork,Co. Cork,,Ireland
73,10382,ERNSH,4,1996-12-13,1997-01-10,1996-12-16,1,94.77,Ernst Handel,Kirchgasse 6,Graz,,8010,Austria
74,10383,AROUT,8,1996-12-16,1997-01-13,1996-12-18,3,34.24,Around the Horn,Brook Farm Stratford St. Mary,Colchester,Essex,CO7 6JX,UK
75,10385,SPLIR,1,1996-12-17,1997-01-14,1996-12-23,2,30.96,Split Rail Beer & Ale,P.O. Box 555,Lander,WY,82520,USA
76,10388,SEVES,2,1996-12-19,1997-01-16,1996-12-20,1,34.86,Seven Seas Imports,90 Wadhurst Rd.,London,,OX15 4NB,UK
77,10389,BOTTM,4,1996-12-20,1997-01-17,1996-12-24,2,47.42,Bottom-Dollar Markets,23 Tsawassen Blvd.,Tsawassen,BC,T2F 8M4,Canada
78,10390,ERNSH,6,1996-12-23,1997-01-20,1996-12-26,1,126.38,Ernst Handel,Kirchgasse 6,Graz,,8010,Austria
79,10391,DRACD,3,1996-12-23,1997-01-20,1996-12-31,3,5.45,Drachenblut Delikatessen,Walserweg 21,Aachen,,52066,Germany
80,10392,PICCO,2,1996-12-24,1997-01-21,1997-01-01,3,122.46,Piccolo und mehr,Geislweg 14,Salzburg,,5020,Austria
81,10393,SAVEA,1,1996-12-25,1997-01-22,1997-01-03,3,126.56,Save-a-lot Markets,187 Suffolk Ln.,Boise,ID,83720,USA
82,10394,HUNGC,1,1996-12-25,1997-01-22,1997-01-03,3,30.34,Hungry Coyote Import Store,City Center Plaza 516 Main St.,Elgin,OR,97827,USA
83,10398,SAVEA,2,1996-12-30,1997-01-27,1997-01-09,3,89.16,Save-a-lot Markets,187 Suffolk Ln.,Boise,ID,83720,USA
84,10400,EASTC,1,1997-01-01,1997-01-29,1997-01-16,3,83.93,Eastern Connection,35 King George,London,,WX3 6FW,UK
85,10401,RATTC,1,1997-01-01,1997-01-29,1997-01-10,1,12.51,Rattlesnake Canyon Grocery,2817 Milton Dr.,Albuquerque,NM,87110,USA
86,10402,ERNSH,8,1997-01-02,1997-02-13,1997-01-10,2,67.88,Ernst Handel,Kirchgasse 6,Graz,,8010,Austria
87,10403,ERNSH,4,1997-01-03,1997-01-31,1997-01-09,3,73.79,Ernst Handel,Kirchgasse 6,Graz,,8010,Austria
88,10404,MAGAA,2,1997-01-03,1997-01-31,1997-01-08,1,155.97,Magazzini Alimentari Riuniti,Via Ludovico il Moro 22,Bergamo,,24100,Italy
89,10405,LINOD,1,1997-01-06,1997-02-03,1997-01-22,1,34.82,LINO-Delicateses,Ave. 5 de Mayo Porlamar,I. de Margarita,Nueva Esparta,4980,Venezuela
90,10410,BOTTM,3,1997-01-10,1997-02-07,1997-01-15,3,2.4,Bottom-Dollar Markets,23 Tsawassen Blvd.,Tsawassen,BC,T2F 8M4,Canada
91,10411,BOTTM,9,1997-01-10,1997-02-07,1997-01-21,3,23.65,Bottom-Dollar Markets,23 Tsawassen Blvd.,Tsawassen,BC,T2F 8M4,Canada
92,10412,WARTH,8,1997-01-13,1997-02-10,1997-01-15,2,3.77,Wartian Herkku,Torikatu 38,Oulu,,90110,Finland
93,10413,LAMAI,3,1997-01-14,1997-02-11,1997-01-16,2,95.66,La maison d'Asie,1 rue Alsace-Lorraine,Toulouse,,31000,France
94,10415,HUNGC,3,1997-01-15,1997-02-12,1997-01-24,1,0.2,Hungry Coyote Import Store,City Center Plaza 516 Main St.,Elgin,OR,97827,USA
95,10416,WARTH,8,1997-01-16,1997-02-13,1997-01-27,3,22.72,Wartian Herkku,Torikatu 38,Oulu,,90110,Finland
96,10420,WELLI,3,1997-01-21,1997-02-18,1997-01-27,1,44.12,Wellington Importadora,"Rua do Mercado, 12",Resende,SP,08737-363,Brazil
97,10422,FRANS,2,1997-01-22,1997-02-19,1997-01-31,1,3.02,Franchi S.p.A.,Via Monte Bianco 34,Torino,,10100,Italy
98,10423,GOURL,6,1997-01-23,1997-02-06,1997-02-24,3,24.5,Gourmet Lanchonetes,"Av. Brasil, 442",Campinas,SP,04876-786,Brazil
99,10425,LAMAI,6,1997-01-24,1997-02-21,1997-02-14,2,7.93,La maison d'Asie,1 rue Alsace-Lorraine,Toulouse,,31000,France
100,10427,PICCO,4,1997-01-27,1997-02-24,1997-03-03,2,31.29,Piccolo und mehr,Geislweg 14,Salzburg,,5020,Austria
101,10428,REGGC,7,1997-01-28,1997-02-25,1997-02-04,1,11.09,Reggiani Caseifici,Strada Provinciale 124,Reggio Emilia,,42100,Italy
102,10429,HUNGO,3,1997-01-29,1997-03-12,1997-02-07,2,56.63,Hungry Owl All-Night Grocers,8 Johnstown Road,Cork,Co. Cork,,Ireland
103,10430,ERNSH,4,1997-01-30,1997-02-13,1997-02-03,1,458.78,Ernst Handel,Kirchgasse 6,Graz,,8010,Austria
104,10431,BOTTM,4,1997-01-30,1997-02-13,1997-02-07,2,44.17,Bottom-Dollar Markets,23 Tsawassen Blvd.,Tsawassen,BC,T2F 8M4,Canada
105,10432,SPLIR,3,1997-01-31,1997-02-14,1997-02-07,2,4.34,Split Rail Beer & Ale,P.O. Box 555,Lander,WY,82520,USA
106,10435,CONSH,8,1997-02-04,1997-03-18,1997-02-07,2,9.21,Consolidated Holdings,Berkeley Gardens 12  Brewery,London,,WX1 6LT,UK
107,10437,WARTH,8,1997-02-05,1997-03-05,1997-02-12,1,19.97,Wartian Herkku,Torikatu 38,Oulu,,90110,Finland
108,10440,SAVEA,4,1997-02-10,1997-03-10,1997-02-28,2,86.53,Save-a-lot Markets,187 Suffolk Ln.,Boise,ID,83720,USA
109,10441,OLDWO,3,1997-02-10,1997-03-24,1997-03-14,2,73.02,Old World Delicatessen,2743 Bering St.,Anchorage,AK,99508,USA
110,10442,ERNSH,3,1997-02-11,1997-03-11,1997-02-18,2,47.94,Ernst Handel,Kirchgasse 6,Graz,,8010,Austria
111,10443,REGGC,8,1997-02-12,1997-03-12,1997-02-14,1,13.95,Reggiani Caseifici,Strada Provinciale 124,Reggio Emilia,,42100,Italy
112,10447,RICAR,4,1997-02-14,1997-03-14,1997-03-07,2,68.66,Ricardo Adocicados,"Av. Copacabana, 267",Rio de Janeiro,RJ,02389-890,Brazil
113,10448,RANCH,4,1997-02-17,1997-03-17,1997-02-24,2,38.82,Rancho grande,Av. del Libertador 900,Buenos Aires,,1010,Argentina
114,10450,VICTE,8,1997-02-19,1997-03-19,1997-03-11,2,7.23,Victuailles en stock,"2, rue du Commerce",Lyon,,69004,France
115,10452,SAVEA,8,1997-02-20,1997-03-20,1997-02-26,1,140.26,Save-a-lot Markets,187 Suffolk Ln.,Boise,ID,83720,USA
116,10453,AROUT,1,1997-02-21,1997-03-21,1997-02-26,2,25.36,Around the Horn,Brook Farm Stratford St. Mary,Colchester,Essex,CO7 6JX,UK
117,10454,LAMAI,4,1997-02-21,1997-03-21,1997-02-25,3,2.74,La maison d'Asie,1 rue Alsace-Lorraine,Toulouse,,31000,France
118,10455,WARTH,8,1997-02-24,1997-04-07,1997-03-03,2,180.45,Wartian Herkku,Torikatu 38,Oulu,,90110,Finland
119,10459,VICTE,4,1997-02-27,1997-03-27,1997-02-28,2,25.09,Victuailles en stock,"2, rue du Commerce",Lyon,,69004,France
120,10462,CONSH,2,1997-03-03,1997-03-31,1997-03-18,1,6.17,Consolidated Holdings,Berkeley Gardens 12  Brewery,London,,WX1 6LT,UK
121,10464,FURIB,4,1997-03-04,1997-04-01,1997-03-14,2,89.0,Furia Bacalhau e Frutos do Mar,Jardim das rosas n. 32,Lisboa,,1675,Portugal
122,10467,MAGAA,8,1997-03-06,1997-04-03,1997-03-11,2,4.93,Magazzini Alimentari Riuniti,Via Ludovico il Moro 22,Bergamo,,24100,Italy
123,10469,WHITC,1,1997-03-10,1997-04-07,1997-03-14,1,60.18,White Clover Markets,1029 - 12th Ave. S.,Seattle,WA,98124,USA
124,10470,BONAP,4,1997-03-11,1997-04-08,1997-03-14,2,64.56,Bon app',"12, rue des Bouchers",Marseille,,13008,France
125,10471,BSBEV,2,1997-03-11,1997-04-08,1997-03-18,3,45.59,B's Beverages,Fauntleroy Circus,London,,EC2 5NT,UK
126,10472,SEVES,8,1997-03-12,1997-04-09,1997-03-19,1,4.2,Seven Seas Imports,90 Wadhurst Rd.,London,,OX15 4NB,UK
127,10473,ISLAT,1,1997-03-13,1997-03-27,1997-03-21,3,16.37,Island Trading,Garden House Crowther Way,Cowes,Isle of Wight,PO31 7PJ,UK
128,10478,VICTE,2,1997-03-18,1997-04-01,1997-03-26,3,4.81,Victuailles en stock,"2, rue du Commerce",Lyon,,69004,France
129,10479,RATTC,3,1997-03-19,1997-04-16,1997-03-21,3,708.95,Rattlesnake Canyon Grocery,2817 Milton Dr.,Albuquerque,NM,87110,USA
130,10481,RICAR,8,1997-03-20,1997-04-17,1997-03-25,2,64.33,Ricardo Adocicados,"Av. Copacabana, 267",Rio de Janeiro,RJ,02389-890,Brazil
131,10482,LAZYK,1,1997-03-21,1997-04-18,1997-04-10,3,7.48,Lazy K Kountry Store,12 Orchestra Terrace,Walla Walla,WA,99362,USA
132,10483,WHITC,7,1997-03-24,1997-04-21,1997-04-25,2,15.28,White Clover Markets,1029 - 12th Ave. S.,Seattle,WA,98124,USA
133,10484,BSBEV,3,1997-03-24,1997-04-21,1997-04-01,3,6.88,B's Beverages,Fauntleroy Circus,London,,EC2 5NT,UK
134,10485,LINOD,4,1997-03-25,1997-04-08,1997-03-31,2,64.45,LINO-Delicateses,Ave. 5 de Mayo Porlamar,I. de Margarita,Nueva Esparta,4980,Venezuela
135,10489,PICCO,6,1997-03-28,1997-04-25,1997-04-09,2,5.29,Piccolo und mehr,Geislweg 14,Salzburg,,5020,Austria
136,10491,FURIB,8,1997-03-31,1997-04-28,1997-04-08,3,16.96,Furia Bacalhau e Frutos do Mar,Jardim das rosas n. 32,Lisboa,,1675,Portugal
137,10492,BOTTM,3,1997-04-01,1997-04-29,1997-04-11,1,62.89,Bottom-Dollar Markets,23 Tsawassen Blvd.,Tsawassen,BC,T2F 8M4,Canada
138,10493,LAMAI,4,1997-04-02,1997-04-30,1997-04-10,3,10.64,La maison d'Asie,1 rue Alsace-Lorraine,Toulouse,,31000,France
139,10495,LAUGB,3,1997-04-03,1997-05-01,1997-04-11,3,4.65,Laughing Bacchus Wine Cellars,2319 Elm St.,Vancouver,BC,V3F 2K1,Canada
140,10497,LEHMS,7,1997-04-04,1997-05-02,1997-04-07,1,36.21,Lehmanns Marktstand,Magazinweg 7,Frankfurt a.M.,,60528,Germany
141,10500,LAMAI,6,1997-04-09,1997-05-07,1997-04-17,1,42.68,La maison d'Asie,1 rue Alsace-Lorraine,Toulouse,,31000,France
142,10501,BLAUS,9,1997-04-09,1997-05-07,1997-04-16,3,8.85,Blauer See Delikatessen,Forsterstr. 57,Mannheim,,68306,Germany
143,10503,HUNGO,6,1997-04-11,1997-05-09,1997-04-16,2,16.74,Hungry Owl All-Night Grocers,8 Johnstown Road,Cork,Co. Cork,,Ireland
144,10504,WHITC,4,1997-04-11,1997-05-09,1997-04-18,3,59.13,White Clover Markets,1029 - 12th Ave. S.,Seattle,WA,98124,USA
145,10509,BLAUS,4,1997-04-17,1997-05-15,1997-04-29,1,0.15,Blauer See Delikatessen,Forsterstr. 57,Mannheim,,68306,Germany
146,10510,SAVEA,6,1997-04-18,1997-05-16,1997-04-28,3,367.63,Save-a-lot Markets,187 Suffolk Ln.,Boise,ID,83720,USA
147,10511,BONAP,4,1997-04-18,1997-05-16,1997-04-21,3,350.64,Bon app',"12, rue des Bouchers",Marseille,,13008,France
148,10513,WANDK,7,1997-04-22,1997-06-03,1997-04-28,1,105.65,Die Wandernde Kuh,Adenauerallee 900,Stuttgart,,70563,Germany
149,10514,ERNSH,3,1997-04-22,1997-05-20,1997-05-16,2,789.95,Ernst Handel,Kirchgasse 6,Graz,,8010,Austria
150,10516,HUNGO,2,1997-04-24,1997-05-22,1997-05-01,3,62.78,Hungry Owl All-Night Grocers,8 Johnstown Road,Cork,Co. Cork,,Ireland
151,10517,NORTS,3,1997-04-24,1997-05-22,1997-04-29,3,32.07,North/South,South House 300 Queensbridge,London,,SW7 1RZ,UK
152,10519,CHOPS,6,1997-04-28,1997-05-26,1997-05-01,3,91.76,Chop-suey Chinese,Hauptstr. 31,Bern,,3012,Switzerland
153,10521,CACTU,8,1997-04-29,1997-05-27,1997-05-02,2,17.22,Cactus Comidas para llevar,Cerrito 333,Buenos Aires,,1010,Argentina
154,10522,LEHMS,4,1997-04-30,1997-05-28,1997-05-06,1,45.33,Lehmanns Marktstand,Magazinweg 7,Frankfurt a.M.,,60528,Germany
155,10523,SEVES,7,1997-05-01,1997-05-29,1997-05-30,2,77.63,Seven Seas Imports,90 Wadhurst Rd.,London,,OX15 4NB,UK
156,10525,BONAP,1,1997-05-02,1997-05-30,1997-05-23,2,11.06,Bon app',"12, rue des Bouchers",Marseille,,13008,France
157,10526,WARTH,4,1997-05-05,1997-06-02,1997-05-15,2,58.59,Wartian Herkku,Torikatu 38,Oulu,,90110,Finland
158,10528,GREAL,6,1997-05-06,1997-05-20,1997-05-09,2,3.35,Great Lakes Food Market,2732 Baker Blvd.,Eugene,OR,97403,USA
159,10529,MAISD,5,1997-05-07,1997-06-04,1997-05-09,2,66.69,Maison Dewey,Rue Joseph-Bens 532,Bruxelles,,B-1180,Belgium
160,10530,PICCO,3,1997-05-08,1997-06-05,1997-05-12,2,339.22,Piccolo und mehr,Geislweg 14,Salzburg,,5020,Austria
161,10532,EASTC,7,1997-05-09,1997-06-06,1997-05-12,3,74.46,Eastern Connection,35 King George,London,,WX3 6FW,UK
162,10534,LEHMS,8,1997-05-12,1997-06-09,1997-05-14,2,27.94,Lehmanns Marktstand,Magazinweg 7,Frankfurt a.M.,,60528,Germany
163,10536,LEHMS,3,1997-05-14,1997-06-11,1997-06-06,2,58.88,Lehmanns Marktstand,Magazinweg 7,Frankfurt a.M.,,60528,Germany
164,10538,BSBEV,9,1997-05-15,1997-06-12,1997-05-16,3,4.87,B's Beverages,Fauntleroy Circus,London,,EC2 5NT,UK
165,10539,BSBEV,6,1997-05-16,1997-06-13,1997-05-23,3,12.36,B's Beverages,Fauntleroy Circus,London,,EC2 5NT,UK
166,10544,LONEP,4,1997-05-21,1997-06-18,1997-05-30,1,24.91,Lonesome Pine Restaurant,89 Chiaroscuro Rd.,Portland,OR,97219,USA
167,10545,LAZYK,8,1997-05-22,1997-06-19,1997-06-26,2,11.92,Lazy K Kountry Store,12 Orchestra Terrace,Walla Walla,WA,99362,USA
168,10546,VICTE,1,1997-05-23,1997-06-20,1997-05-27,3,194.72,Victuailles en stock,"2, rue du Commerce",Lyon,,69004,France
169,10547,SEVES,3,1997-05-23,1997-06-20,1997-06-02,2,178.43,Seven Seas Imports,90 Wadhurst Rd.,London,,OX15 4NB,UK
170,10551,FURIB,4,1997-05-28,1997-07-09,1997-06-06,3,72.95,Furia Bacalhau e Frutos do Mar,Jardim das rosas n. 32,Lisboa,,1675,Portugal
171,10553,WARTH,2,1997-05-30,1997-06-27,1997-06-03,2,149.49,Wartian Herkku,Torikatu 38,Oulu,,90110,Finland
172,10555,SAVEA,6,1997-06-02,1997-06-30,1997-06-04,3,252.49,Save-a-lot Markets,187 Suffolk Ln.,Boise,ID,83720,USA
173,10557,LEHMS,9,1997-06-03,1997-06-17,1997-06-06,2,96.72,Lehmanns Marktstand,Magazinweg 7,Frankfurt a.M.,,60528,Germany
174,10558,AROUT,1,1997-06-04,1997-07-02,1997-06-10,2,72.97,Around the Horn,Brook Farm Stratford St. Mary,Colchester,Essex,CO7 6JX,UK
175,10562,REGGC,1,1997-06-09,1997-07-07,1997-06-12,1,22.95,Reggiani Caseifici,Strada Provinciale 124,Reggio Emilia,,42100,Italy
176,10563,RICAR,2,1997-06-10,1997-07-22,1997-06-24,2,60.43,Ricardo Adocicados,"Av. Copacabana, 267",Rio de Janeiro,RJ,02389-890,Brazil
177,10564,RATTC,4,1997-06-10,1997-07-08,1997-06-16,3,13.75,Rattlesnake Canyon Grocery,2817 Milton Dr.,Albuquerque,NM,87110,USA
178,10567,HUNGO,1,1997-06-12,1997-07-10,1997-06-17,1,33.97,Hungry Owl All-Night Grocers,8 Johnstown Road,Cork,Co. Cork,,Ireland
179,10569,RATTC,5,1997-06-16,1997-07-14,1997-07-11,1,58.98,Rattlesnake Canyon Grocery,2817 Milton Dr.,Albuquerque,NM,87110,USA
180,10571,ERNSH,8,1997-06-17,1997-07-29,1997-07-04,3,26.06,Ernst Handel,Kirchgasse 6,Graz,,8010,Austria
181,10574,TRAIH,4,1997-06-19,1997-07-17,1997-06-30,2,37.6,Trail's Head Gourmet Provisioners,722 DaVinci Blvd.,Kirkland,WA,98034,USA
182,10575,MORGK,5,1997-06-20,1997-07-04,1997-06-30,1,127.34,Morgenstern Gesundkost,Heerstr. 22,Leipzig,,04179,Germany
183,10577,TRAIH,9,1997-06-23,1997-08-04,1997-06-30,2,25.41,Trail's Head Gourmet Provisioners,722 DaVinci Blvd.,Kirkland,WA,98034,USA
184,10578,BSBEV,4,1997-06-24,1997-07-22,1997-07-25,3,29.6,B's Beverages,Fauntleroy Circus,London,,EC2 5NT,UK
185,10579,LETSS,1,1997-06-25,1997-07-23,1997-07-04,2,13.73,Let's Stop N Shop,87 Polk St. Suite 5,San Francisco,CA,94117,USA
186,10582,BLAUS,3,1997-06-27,1997-07-25,1997-07-14,2,27.71,Blauer See Delikatessen,Forsterstr. 57,Mannheim,,68306,Germany
187,10583,WARTH,2,1997-06-30,1997-07-28,1997-07-04,2,7.28,Wartian Herkku,Torikatu 38,Oulu,,90110,Finland
188,10585,WELLI,7,1997-07-01,1997-07-29,1997-07-10,1,13.41,Wellington Importadora,"Rua do Mercado, 12",Resende,SP,08737-363,Brazil
189,10586,REGGC,9,1997-07-02,1997-07-30,1997-07-09,1,0.48,Reggiani Caseifici,Strada Provinciale 124,Reggio Emilia,,42100,Italy
190,10589,GREAL,8,1997-07-04,1997-08-01,1997-07-14,2,4.42,Great Lakes Food Market,2732 Baker Blvd.,Eugene,OR,97403,USA
191,10592,LEHMS,3,1997-07-08,1997-08-05,1997-07-16,1,32.1,Lehmanns Marktstand,Magazinweg 7,Frankfurt a.M.,,60528,Germany
192,10593,LEHMS,7,1997-07-09,1997-08-06,1997-08-13,2,174.2,Lehmanns Marktstand,Magazinweg 7,Frankfurt a.M.,,60528,Germany
193,10594,OLDWO,3,1997-07-09,1997-08-06,1997-07-16,2,5.24,Old World Delicatessen,2743 Bering St.,Anchorage,AK,99508,USA
194,10595,ERNSH,2,1997-07-10,1997-08-07,1997-07-14,1,96.78,Ernst Handel,Kirchgasse 6,Graz,,8010,Austria
195,10596,WHITC,8,1997-07-11,1997-08-08,1997-08-12,1,16.34,White Clover Markets,1029 - 12th Ave. S.,Seattle,WA,98124,USA
196,10597,PICCO,7,1997-07-11,1997-08-08,1997-07-18,3,35.12,Piccolo und mehr,Geislweg 14,Salzburg,,5020,Austria
197,10598,RATTC,1,1997-07-14,1997-08-11,1997-07-18,3,44.42,Rattlesnake Canyon Grocery,2817 Milton Dr.,Albuquerque,NM,87110,USA
198,10599,BSBEV,6,1997-07-15,1997-08-26,1997-07-21,3,29.98,B's Beverages,Fauntleroy Circus,London,,EC2 5NT,UK
199,10600,HUNGC,4,1997-07-16,1997-08-13,1997-07-21,1,45.13,Hungry Coyote Import Store,City Center Plaza 516 Main St.,Elgin,OR,97827,USA
200,10603,SAVEA,8,1997-07-18,1997-08-15,1997-08-08,2,48.77,Save-a-lot Markets,187 Suffolk Ln.,Boise,ID,83720,USA
201,10604,FURIB,1,1997-07-18,1997-08-15,1997-07-29,1,7.46,Furia Bacalhau e Frutos do Mar,Jardim das rosas n. 32,Lisboa,,1675,Portugal
202,10607,SAVEA,5,1997-07-22,1997-08-19,1997-07-25,1,200.24,Save-a-lot Markets,187 Suffolk Ln.,Boise,ID,83720,USA
203,10609,DUMON,7,1997-07-24,1997-08-21,1997-07-30,2,1.85,Du monde entier,"67, rue des Cinquante Otages",Nantes,,44000,France
204,10610,LAMAI,8,1997-07-25,1997-08-22,1997-08-06,1,26.78,La maison d'Asie,1 rue Alsace-Lorraine,Toulouse,,31000,France
205,10611,WOLZA,6,1997-07-25,1997-08-22,1997-08-01,2,80.65,Wolski Zajazd,ul. Filtrowa 68,Warszawa,,01-012,Poland
206,10612,SAVEA,1,1997-07-28,1997-08-25,1997-08-01,2,544.08,Save-a-lot Markets,187 Suffolk Ln.,Boise,ID,83720,USA
207,10614,BLAUS,8,1997-07-29,1997-08-26,1997-08-01,3,1.93,Blauer See Delikatessen,Forsterstr. 57,Mannheim,,68306,Germany
208,10615,WILMK,2,1997-07-30,1997-08-27,1997-08-06,3,0.75,Wilman Kala,Keskuskatu 45,Helsinki,,21240,Finland
209,10616,GREAL,1,1997-07-31,1997-08-28,1997-08-05,2,116.53,Great Lakes Food Market,2732 Baker Blvd.,Eugene,OR,97403,USA
210,10617,GREAL,4,1997-07-31,1997-08-28,1997-08-04,2,18.53,Great Lakes Food Market,2732 Baker Blvd.,Eugene,OR,97403,USA
211,10620,LAUGB,2,1997-08-05,1997-09-02,1997-08-14,3,0.94,Laughing Bacchus Wine Cellars,2319 Elm St.,Vancouver,BC,V3F 2K1,Canada
212,10621,ISLAT,4,1997-08-05,1997-09-02,1997-08-11,2,23.73,Island Trading,Garden House Crowther Way,Cowes,Isle of Wight,PO31 7PJ,UK
213,10622,RICAR,4,1997-08-06,1997-09-03,1997-08-11,3,50.97,Ricardo Adocicados,"Av. Copacabana, 267",Rio de Janeiro,RJ,02389-890,Brazil
214,10624,THECR,4,1997-08-07,1997-09-04,1997-08-19,2,94.8,The Cracker Box,55 Grizzly Peak Rd.,Butte,MT,59801,USA
215,10627,SAVEA,8,1997-08-11,1997-09-22,1997-08-21,3,107.46,Save-a-lot Markets,187 Suffolk Ln.,Boise,ID,83720,USA
216,10631,LAMAI,8,1997-08-14,1997-09-11,1997-08-15,1,0.87,La maison d'Asie,1 rue Alsace-Lorraine,Toulouse,,31000,France
217,10632,WANDK,8,1997-08-14,1997-09-11,1997-08-19,1,41.38,Die Wandernde Kuh,Adenauerallee 900,Stuttgart,,70563,Germany
218,10633,ERNSH,7,1997-08-15,1997-09-12,1997-08-18,3,477.9,Ernst Handel,Kirchgasse 6,Graz,,8010,Austria
219,10635,MAGAA,8,1997-08-18,1997-09-15,1997-08-21,3,47.46,Magazzini Alimentari Riuniti,Via Ludovico il Moro 22,Bergamo,,24100,Italy
220,10636,WARTH,4,1997-08-19,1997-09-16,1997-08-26,1,1.15,Wartian Herkku,Torikatu 38,Oulu,,90110,Finland
221,10638,LINOD,3,1997-08-20,1997-09-17,1997-09-01,1,158.44,LINO-Delicateses,Ave. 5 de Mayo Porlamar,I. de Margarita,Nueva Esparta,4980,Venezuela
222,10640,WANDK,4,1997-08-21,1997-09-18,1997-08-28,1,23.55,Die Wandernde Kuh,Adenauerallee 900,Stuttgart,,70563,Germany
223,10643,ALFKI,6,1997-08-25,1997-09-22,1997-09-02,1,29.46,Alfreds Futterkiste,Obere Str. 57,Berlin,,12209,Germany
224,10644,WELLI,3,1997-08-25,1997-09-22,1997-09-01,2,0.14,Wellington Importadora,"Rua do Mercado, 12",Resende,SP,08737-363,Brazil
225,10646,HUNGO,9,1997-08-27,1997-10-08,1997-09-03,3,142.33,Hungry Owl All-Night Grocers,8 Johnstown Road,Cork,Co. Cork,,Ireland
226,10648,RICAR,5,1997-08-28,1997-10-09,1997-09-09,2,14.25,Ricardo Adocicados,"Av. Copacabana, 267",Rio de Janeiro,RJ,02389-890,Brazil
227,10649,MAISD,5,1997-08-28,1997-09-25,1997-08-29,3,6.2,Maison Dewey,Rue Joseph-Bens 532,Bruxelles,,B-1180,Belgium
228,10651,WANDK,8,1997-09-01,1997-09-29,1997-09-11,2,20.6,Die Wandernde Kuh,Adenauerallee 900,Stuttgart,,70563,Germany
229,10652,GOURL,4,1997-09-01,1997-09-29,1997-09-08,2,7.14,Gourmet Lanchonetes,"Av. Brasil, 442",Campinas,SP,04876-786,Brazil
230,10655,REGGC,1,1997-09-03,1997-10-01,1997-09-11,2,4.41,Reggiani Caseifici,Strada Provinciale 124,Reggio Emilia,,42100,Italy
231,10656,GREAL,6,1997-09-04,1997-10-02,1997-09-10,1,57.15,Great Lakes Food Market,2732 Baker Blvd.,Eugene,OR,97403,USA
232,10657,SAVEA,2,1997-09-04,1997-10-02,1997-09-15,2,352.69,Save-a-lot Markets,187 Suffolk Ln.,Boise,ID,83720,USA
233,10660,HUNGC,8,1997-09-08,1997-10-06,1997-10-15,1,111.29,Hungry Coyote Import Store,City Center Plaza 516 Main St.,Elgin,OR,97827,USA
234,10661,HUNGO,7,1997-09-09,1997-10-07,1997-09-15,3,17.55,Hungry Owl All-Night Grocers,8 Johnstown Road,Cork,Co. Cork,,Ireland
235,10662,LONEP,3,1997-09-09,1997-10-07,1997-09-18,2,1.28,Lonesome Pine Restaurant,89 Chiaroscuro Rd.,Portland,OR,97219,USA
236,10663,BONAP,2,1997-09-10,1997-09-24,1997-10-03,2,113.15,Bon app',"12, rue des Bouchers",Marseille,,13008,France
237,10664,FURIB,1,1997-09-10,1997-10-08,1997-09-19,3,1.27,Furia Bacalhau e Frutos do Mar,Jardim das rosas n. 32,Lisboa,,1675,Portugal
238,10665,LONEP,1,1997-09-11,1997-10-09,1997-09-17,2,26.31,Lonesome Pine Restaurant,89 Chiaroscuro Rd.,Portland,OR,97219,USA
239,10667,ERNSH,7,1997-09-12,1997-10-10,1997-09-19,1,78.09,Ernst Handel,Kirchgasse 6,Graz,,8010,Austria
240,10668,WANDK,1,1997-09-15,1997-10-13,1997-09-23,2,47.22,Die Wandernde Kuh,Adenauerallee 900,Stuttgart,,70563,Germany
241,10671,FRANR,1,1997-09-17,1997-10-15,1997-09-24,1,30.34,France restauration,"54, rue Royale",Nantes,,44000,France
242,10673,WILMK,2,1997-09-18,1997-10-16,1997-09-19,1,22.76,Wilman Kala,Keskuskatu 45,Helsinki,,21240,Finland
243,10674,ISLAT,4,1997-09-18,1997-10-16,1997-09-30,2,0.9,Island Trading,Garden House Crowther Way,Cowes,Isle of Wight,PO31 7PJ,UK
244,10678,SAVEA,7,1997-09-23,1997-10-21,1997-10-16,3,388.98,Save-a-lot Markets,187 Suffolk Ln.,Boise,ID,83720,USA
245,10680,OLDWO,1,1997-09-24,1997-10-22,1997-09-26,1,26.61,Old World Delicatessen,2743 Bering St.,Anchorage,AK,99508,USA
246,10681,GREAL,3,1997-09-25,1997-10-23,1997-09-30,3,76.13,Great Lakes Food Market,2732 Baker Blvd.,Eugene,OR,97403,USA
247,10683,DUMON,2,1997-09-26,1997-10-24,1997-10-01,1,4.4,Du monde entier,"67, rue des Cinquante Otages",Nantes,,44000,France
248,10685,GOURL,4,1997-09-29,1997-10-13,1997-10-03,2,33.75,Gourmet Lanchonetes,"Av. Brasil, 442",Campinas,SP,04876-786,Brazil
249,10686,PICCO,2,1997-09-30,1997-10-28,1997-10-08,1,96.5,Piccolo und mehr,Geislweg 14,Salzburg,,5020,Austria
250,10687,HUNGO,9,1997-09-30,1997-10-28,1997-10-30,2,296.43,Hungry Owl All-Night Grocers,8 Johnstown Road,Cork,Co. Cork,,Ireland
251,10692,ALFKI,4,1997-10-03,1997-10-31,1997-10-13,2,61.02,Alfred's Futterkiste,Obere Str. 57,Berlin,,12209,Germany
252,10693,WHITC,3,1997-10-06,1997-10-20,1997-10-10,3,139.34,White Clover Markets,1029 - 12th Ave. S.,Seattle,WA,98124,USA
253,10695,WILMK,7,1997-10-07,1997-11-18,1997-10-14,1,16.72,Wilman Kala,Keskuskatu 45,Helsinki,,21240,Finland
254,10696,WHITC,8,1997-10-08,1997-11-19,1997-10-14,3,102.55,White Clover Markets,1029 - 12th Ave. S.,Seattle,WA,98124,USA
255,10697,LINOD,3,1997-10-08,1997-11-05,1997-10-14,1,45.52,LINO-Delicateses,Ave. 5 de Mayo Porlamar,I. de Margarita,Nueva Esparta,4980,Venezuela
256,10698,ERNSH,4,1997-10-09,1997-11-06,1997-10-17,1,272.47,Ernst Handel,Kirchgasse 6,Graz,,8010,Austria
257,10699,MORGK,3,1997-10-09,1997-11-06,1997-10-13,3,0.58,Morgenstern Gesundkost,Heerstr. 22,Leipzig,,04179,Germany
258,10700,SAVEA,3,1997-10-10,1997-11-07,1997-10-16,1,65.1,Save-a-lot Markets,187 Suffolk Ln.,Boise,ID,83720,USA
259,10701,HUNGO,6,1997-10-13,1997-10-27,1997-10-15,3,220.31,Hungry Owl All-Night Grocers,8 Johnstown Road,Cork,Co. Cork,,Ireland
260,10702,ALFKI,4,1997-10-13,1997-11-24,1997-10-21,1,23.94,Alfred's Futterkiste,Obere Str. 57,Berlin,,12209,Germany
261,10706,OLDWO,8,1997-10-16,1997-11-13,1997-10-21,3,135.63,Old World Delicatessen,2743 Bering St.,Anchorage,AK,99508,USA
262,10707,AROUT,4,1997-10-16,1997-10-30,1997-10-23,3,21.74,Around the Horn,Brook Farm Stratford St. Mary,Colchester,Essex,CO7 6JX,UK
263,10708,THEBI,6,1997-10-17,1997-11-28,1997-11-05,2,2.96,The Big Cheese,89 Jefferson Way Suite 2,Portland,OR,97201,USA
264,10709,GOURL,1,1997-10-17,1997-11-14,1997-11-20,3,210.8,Gourmet Lanchonetes,"Av. Brasil, 442",Campinas,SP,04876-786,Brazil
265,10710,FRANS,1,1997-10-20,1997-11-17,1997-10-23,1,4.98,Franchi S.p.A.,Via Monte Bianco 34,Torino,,10100,Italy
266,10711,SAVEA,5,1997-10-21,1997-12-02,1997-10-29,2,52.41,Save-a-lot Markets,187 Suffolk Ln.,Boise,ID,83720,USA
267,10712,HUNGO,3,1997-10-21,1997-11-18,1997-10-31,1,89.93,Hungry Owl All-Night Grocers,8 Johnstown Road,Cork,Co. Cork,,Ireland
268,10713,SAVEA,1,1997-10-22,1997-11-19,1997-10-24,1,167.05,Save-a-lot Markets,187 Suffolk Ln.,Boise,ID,83720,USA
269,10714,SAVEA,5,1997-10-22,1997-11-19,1997-10-27,3,24.49,Save-a-lot Markets,187 Suffolk Ln.,Boise,ID,83720,USA
270,10715,BONAP,3,1997-10-23,1997-11-06,1997-10-29,1,63.2,Bon app',"12, rue des Bouchers",Marseille,,13008,France
271,10716,RANCH,4,1997-10-24,1997-11-21,1997-10-27,2,22.57,Rancho grande,Av. del Libertador 900,Buenos Aires,,1010,Argentina
272,10719,LETSS,8,1997-10-27,1997-11-24,1997-11-05,2,51.44,Let's Stop N Shop,87 Polk St. Suite 5,San Francisco,CA,94117,USA
273,10722,SAVEA,8,1997-10-29,1997-12-10,1997-11-04,1,74.58,Save-a-lot Markets,187 Suffolk Ln.,Boise,ID,83720,USA
274,10723,WHITC,3,1997-10-30,1997-11-27,1997-11-25,1,21.72,White Clover Markets,1029 - 12th Ave. S.,Seattle,WA,98124,USA
275,10726,EASTC,4,1997-11-03,1997-11-17,1997-12-05,1,16.56,Eastern Connection,35 King George,London,,WX3 6FW,UK
276,10727,REGGC,2,1997-11-03,1997-12-01,1997-12-05,1,89.9,Reggiani Caseifici,Strada Provinciale 124,Reggio Emilia,,42100,Italy
277,10729,LINOD,8,1997-11-04,1997-12-16,1997-11-14,3,141.06,LINO-Delicateses,Ave. 5 de Mayo Porlamar,I. de Margarita,Nueva Esparta,4980,Venezuela
278,10730,BONAP,5,1997-11-05,1997-12-03,1997-11-14,1,20.12,Bon app',"12, rue des Bouchers",Marseille,,13008,France
279,10731,CHOPS,7,1997-11-06,1997-12-04,1997-11-14,1,96.65,Chop-suey Chinese,Hauptstr. 31,Bern,,3012,Switzerland
280,10732,BONAP,3,1997-11-06,1997-12-04,1997-11-07,1,16.97,Bon app',"12, rue des Bouchers",Marseille,,13008,France
281,10734,GOURL,2,1997-11-07,1997-12-05,1997-11-12,3,1.63,Gourmet Lanchonetes,"Av. Brasil, 442",Campinas,SP,04876-786,Brazil
282,10735,LETSS,6,1997-11-10,1997-12-08,1997-11-21,2,45.97,Let's Stop N Shop,87 Polk St. Suite 5,San Francisco,CA,94117,USA
283,10736,HUNGO,9,1997-11-11,1997-12-09,1997-11-21,2,44.1,Hungry Owl All-Night Grocers,8 Johnstown Road,Cork,Co. Cork,,Ireland
284,10737,VINET,2,1997-11-11,1997-12-09,1997-11-18,2,7.79,Vins et alcools Chevalier,59 rue de l'Abbaye,Reims,,51100,France
285,10739,VINET,3,1997-11-12,1997-12-10,1997-11-17,3,11.08,Vins et alcools Chevalier,59 rue de l'Abbaye,Reims,,51100,France
286,10740,WHITC,4,1997-11-13,1997-12-11,1997-11-25,2,81.88,White Clover Markets,1029 - 12th Ave. S.,Seattle,WA,98124,USA
287,10741,AROUT,4,1997-11-14,1997-11-28,1997-11-18,3,10.96,Around the Horn,Brook Farm Stratford St. Mary,Colchester,Essex,CO7 6JX,UK
288,10742,BOTTM,3,1997-11-14,1997-12-12,1997-11-18,3,243.73,Bottom-Dollar Markets,23 Tsawassen Blvd.,Tsawassen,BC,T2F 8M4,Canada
289,10743,AROUT,1,1997-11-17,1997-12-15,1997-11-21,2,23.72,Around the Horn,Brook Farm Stratford St. Mary,Colchester,Essex,CO7 6JX,UK
290,10746,CHOPS,1,1997-11-19,1997-12-17,1997-11-21,3,31.43,Chop-suey Chinese,Hauptstr. 31,Bern,,3012,Switzerland
291,10747,PICCO,6,1997-11-19,1997-12-17,1997-11-26,1,117.33,Piccolo und mehr,Geislweg 14,Salzburg,,5020,Austria
292,10748,SAVEA,3,1997-11-20,1997-12-18,1997-11-28,1,232.55,Save-a-lot Markets,187 Suffolk Ln.,Boise,ID,83720,USA
293,10749,ISLAT,4,1997-11-20,1997-12-18,1997-12-19,2,61.53,Island Trading,Garden House Crowther Way,Cowes,Isle of Wight,PO31 7PJ,UK
294,10750,WARTH,9,1997-11-21,1997-12-19,1997-11-24,1,79.3,Wartian Herkku,Torikatu 38,Oulu,,90110,Finland
295,10752,NORTS,2,1997-11-24,1997-12-22,1997-11-28,3,1.39,North/South,South House 300 Queensbridge,London,,SW7 1RZ,UK
296,10753,FRANS,3,1997-11-25,1997-12-23,1997-11-27,1,7.7,Franchi S.p.A.,Via Monte Bianco 34,Torino,,10100,Italy
297,10754,MAGAA,6,1997-11-25,1997-12-23,1997-11-27,3,2.38,Magazzini Alimentari Riuniti,Via Ludovico il Moro 22,Bergamo,,24100,Italy
298,10755,BONAP,4,1997-11-26,1997-12-24,1997-11-28,2,16.71,Bon app',"12, rue des Bouchers",Marseille,,13008,France
299,10756,SPLIR,8,1997-11-27,1997-12-25,1997-12-02,2,73.21,Split Rail Beer & Ale,P.O. Box 555,Lander,WY,82520,USA
300,10757,SAVEA,6,1997-11-27,1997-12-25,1997-12-15,1,8.19,Save-a-lot Markets,187 Suffolk Ln.,Boise,ID,83720,USA
301,10760,MAISD,4,1997-12-01,1997-12-29,1997-12-10,1,155.64,Maison Dewey,Rue Joseph-Bens 532,Bruxelles,,B-1180,Belgium
302,10761,RATTC,5,1997-12-02,1997-12-30,1997-12-08,2,18.66,Rattlesnake Canyon Grocery,2817 Milton Dr.,Albuquerque,NM,87110,USA
303,10764,ERNSH,6,1997-12-03,1997-12-31,1997-12-08,3,145.45,Ernst Handel,Kirchgasse 6,Graz,,8010,Austria
304,10768,AROUT,3,1997-12-08,1998-01-05,1997-12-15,2,146.32,Around the Horn,Brook Farm Stratford St. Mary,Colchester,Essex,CO7 6JX,UK
305,10771,ERNSH,9,1997-12-10,1998-01-07,1998-01-02,2,11.19,Ernst Handel,Kirchgasse 6,Graz,,8010,Austria
306,10772,LEHMS,3,1997-12-10,1998-01-07,1997-12-19,2,91.28,Lehmanns Marktstand,Magazinweg 7,Frankfurt a.M.,,60528,Germany
307,10773,ERNSH,1,1997-12-11,1998-01-08,1997-12-16,3,96.43,Ernst Handel,Kirchgasse 6,Graz,,8010,Austria
308,10775,THECR,7,1997-12-12,1998-01-09,1997-12-26,1,20.25,The Cracker Box,55 Grizzly Peak Rd.,Butte,MT,59801,USA
309,10776,ERNSH,1,1997-12-15,1998-01-12,1997-12-18,3,351.53,Ernst Handel,Kirchgasse 6,Graz,,8010,Austria
310,10777,GOURL,7,1997-12-15,1997-12-29,1998-01-21,2,3.01,Gourmet Lanchonetes,"Av. Brasil, 442",Campinas,SP,04876-786,Brazil
311,10779,MORGK,3,1997-12-16,1998-01-13,1998-01-14,2,58.13,Morgenstern Gesundkost,Heerstr. 22,Leipzig,,04179,Germany
312,10781,WARTH,2,1997-12-17,1998-01-14,1997-12-19,3,73.16,Wartian Herkku,Torikatu 38,Oulu,,90110,Finland
313,10782,CACTU,9,1997-12-17,1998-01-14,1997-12-22,3,1.1,Cactus Comidas para llevar,Cerrito 333,Buenos Aires,,1010,Argentina
314,10784,MAGAA,4,1997-12-18,1998-01-15,1997-12-22,3,70.09,Magazzini Alimentari Riuniti,Via Ludovico il Moro 22,Bergamo,,24100,Italy
315,10787,LAMAI,2,1997-12-19,1998-01-02,1997-12-26,1,249.93,La maison d'Asie,1 rue Alsace-Lorraine,Toulouse,,31000,France
316,10790,GOURL,6,1997-12-22,1998-01-19,1997-12-26,1,28.23,Gourmet Lanchonetes,"Av. Brasil, 442",Campinas,SP,04876-786,Brazil
317,10792,WOLZA,1,1997-12-23,1998-01-20,1997-12-31,3,23.79,Wolski Zajazd,ul. Filtrowa 68,Warszawa,,01-012,Poland
318,10793,AROUT,3,1997-12-24,1998-01-21,1998-01-08,3,4.52,Around the Horn,Brook Farm Stratford St. Mary,Colchester,Essex,CO7 6JX,UK
319,10795,ERNSH,8,1997-12-24,1998-01-21,1998-01-20,2,126.66,Ernst Handel,Kirchgasse 6,Graz,,8010,Austria
320,10797,DRACD,7,1997-12-25,1998-01-22,1998-01-05,2,33.35,Drachenblut Delikatessen,Walserweg 21,Aachen,,52066,Germany
321,10798,ISLAT,2,1997-12-26,1998-01-23,1998-01-05,1,2.33,Island Trading,Garden House Crowther Way,Cowes,Isle of Wight,PO31 7PJ,UK
322,10800,SEVES,1,1997-12-26,1998-01-23,1998-01-05,3,137.44,Seven Seas Imports,90 Wadhurst Rd.,London,,OX15 4NB,UK
323,10803,WELLI,4,1997-12-30,1998-01-27,1998-01-06,1,55.23,Wellington Importadora,"Rua do Mercado, 12",Resende,SP,08737-363,Brazil
324,10804,SEVES,6,1997-12-30,1998-01-27,1998-01-07,2,27.33,Seven Seas Imports,90 Wadhurst Rd.,London,,OX15 4NB,UK
325,10805,THEBI,2,1997-12-30,1998-01-27,1998-01-09,3,237.34,The Big Cheese,89 Jefferson Way Suite 2,Portland,OR,97201,USA
326,10806,VICTE,3,1997-12-31,1998-01-28,1998-01-05,2,22.11,Victuailles en stock,"2, rue du Commerce",Lyon,,69004,France
327,10807,FRANS,4,1997-12-31,1998-01-28,1998-01-30,1,1.36,Franchi S.p.A.,Via Monte Bianco 34,Torino,,10100,Italy
328,10808,OLDWO,2,1998-01-01,1998-01-29,1998-01-09,3,45.53,Old World Delicatessen,2743 Bering St.,Anchorage,AK,99508,USA
329,10809,WELLI,7,1998-01-01,1998-01-29,1998-01-07,1,4.87,Wellington Importadora,"Rua do Mercado, 12",Resende,SP,08737-363,Brazil
330,10810,LAUGB,2,1998-01-01,1998-01-29,1998-01-07,3,4.33,Laughing Bacchus Wine Cellars,2319 Elm St.,Vancouver,BC,V3F 2K1,Canada
331,10811,LINOD,8,1998-01-02,1998-01-30,1998-01-08,1,31.22,LINO-Delicateses,Ave. 5 de Mayo Porlamar,I. de Margarita,Nueva Esparta,4980,Venezuela
332,10812,REGGC,5,1998-01-02,1998-01-30,1998-01-12,1,59.78,Reggiani Caseifici,Strada Provinciale 124,Reggio Emilia,,42100,Italy
333,10813,RICAR,1,1998-01-05,1998-02-02,1998-01-09,1,47.38,Ricardo Adocicados,"Av. Copacabana, 267",Rio de Janeiro,RJ,02389-890,Brazil
334,10814,VICTE,3,1998-01-05,1998-02-02,1998-01-14,3,130.94,Victuailles en stock,"2, rue du Commerce",Lyon,,69004,France
335,10815,SAVEA,2,1998-01-05,1998-02-02,1998-01-14,3,14.62,Save-a-lot Markets,187 Suffolk Ln.,Boise,ID,83720,USA
336,10816,GREAL,4,1998-01-06,1998-02-03,1998-02-04,2,719.78,Great Lakes Food Market,2732 Baker Blvd.,Eugene,OR,97403,USA
337,10818,MAGAA,7,1998-01-07,1998-02-04,1998-01-12,3,65.48,Magazzini Alimentari Riuniti,Via Ludovico il Moro 22,Bergamo,,24100,Italy
338,10819,CACTU,2,1998-01-07,1998-02-04,1998-01-16,3,19.76,Cactus Comidas para llevar,Cerrito 333,Buenos Aires,,1010,Argentina
339,10820,RATTC,3,1998-01-07,1998-02-04,1998-01-13,2,37.52,Rattlesnake Canyon Grocery,2817 Milton Dr.,Albuquerque,NM,87110,USA
340,10821,SPLIR,1,1998-01-08,1998-02-05,1998-01-15,1,36.68,Split Rail Beer & Ale,P.O. Box 555,Lander,WY,82520,USA
341,10822,TRAIH,6,1998-01-08,1998-02-05,1998-01-16,3,7.0,Trail's Head Gourmet Provisioners,722 DaVinci Blvd.,Kirkland,WA,98034,USA
342,10825,DRACD,1,1998-01-09,1998-02-06,1998-01-14,1,79.25,Drachenblut Delikatessen,Walserweg 21,Aachen,,52066,Germany
343,10827,BONAP,1,1998-01-12,1998-01-26,1998-02-06,2,63.54,Bon app',"12, rue des Bouchers",Marseille,,13008,France
344,10828,RANCH,9,1998-01-13,1998-01-27,1998-02-04,1,90.85,Rancho grande,Av. del Libertador 900,Buenos Aires,,1010,Argentina
345,10829,ISLAT,9,1998-01-13,1998-02-10,1998-01-23,1,154.72,Island Trading,Garden House Crowther Way,Cowes,Isle of Wight,PO31 7PJ,UK
346,10832,LAMAI,2,1998-01-14,1998-02-11,1998-01-19,2,43.26,La maison d'Asie,1 rue Alsace-Lorraine,Toulouse,,31000,France
347,10835,ALFKI,1,1998-01-15,1998-02-12,1998-01-21,3,69.53,Alfred's Futterkiste,Obere Str. 57,Berlin,,12209,Germany
348,10836,ERNSH,7,1998-01-16,1998-02-13,1998-01-21,1,411.88,Ernst Handel,Kirchgasse 6,Graz,,8010,Austria
349,10838,LINOD,3,1998-01-19,1998-02-16,1998-01-23,3,59.28,LINO-Delicateses,Ave. 5 de Mayo Porlamar,I. de Margarita,Nueva Esparta,4980,Venezuela
350,10840,LINOD,4,1998-01-19,1998-03-02,1998-02-16,2,2.71,LINO-Delicateses,Ave. 5 de Mayo Porlamar,I. de Margarita,Nueva Esparta,4980,Venezuela
351,10843,VICTE,4,1998-01-21,1998-02-18,1998-01-26,2,9.26,Victuailles en stock,"2, rue du Commerce",Lyon,,69004,France
352,10844,PICCO,8,1998-01-21,1998-02-18,1998-01-26,2,25.22,Piccolo und mehr,Geislweg 14,Salzburg,,5020,Austria
353,10847,SAVEA,4,1998-01-22,1998-02-05,1998-02-10,3,487.57,Save-a-lot Markets,187 Suffolk Ln.,Boise,ID,83720,USA
354,10848,CONSH,7,1998-01-23,1998-02-20,1998-01-29,2,38.24,Consolidated Holdings,Berkeley Gardens 12  Brewery,London,,WX1 6LT,UK
355,10850,VICTE,1,1998-01-23,1998-03-06,1998-01-30,1,49.19,Victuailles en stock,"2, rue du Commerce",Lyon,,69004,France
356,10851,RICAR,5,1998-01-26,1998-02-23,1998-02-02,1,160.55,Ricardo Adocicados,"Av. Copacabana, 267",Rio de Janeiro,RJ,02389-890,Brazil
357,10852,RATTC,8,1998-01-26,1998-02-09,1998-01-30,1,174.05,Rattlesnake Canyon Grocery,2817 Milton Dr.,Albuquerque,NM,87110,USA
358,10853,BLAUS,9,1998-01-27,1998-02-24,1998-02-03,2,53.83,Blauer See Delikatessen,Forsterstr. 57,Mannheim,,68306,Germany
359,10854,ERNSH,3,1998-01-27,1998-02-24,1998-02-05,2,100.22,Ernst Handel,Kirchgasse 6,Graz,,8010,Austria
360,10855,OLDWO,3,1998-01-27,1998-02-24,1998-02-04,1,170.97,Old World Delicatessen,2743 Bering St.,Anchorage,AK,99508,USA
361,10858,LACOR,2,1998-01-29,1998-02-26,1998-02-03,1,52.51,La corne d'abondance,"67, avenue de l'Europe",Versailles,,78000,France
362,10860,FRANR,3,1998-01-29,1998-02-26,1998-02-04,3,19.26,France restauration,"54, rue Royale",Nantes,,44000,France
363,10861,WHITC,4,1998-01-30,1998-02-27,1998-02-17,2,14.93,White Clover Markets,1029 - 12th Ave. S.,Seattle,WA,98124,USA
364,10862,LEHMS,8,1998-01-30,1998-03-13,1998-02-02,2,53.23,Lehmanns Marktstand,Magazinweg 7,Frankfurt a.M.,,60528,Germany
365,10864,AROUT,4,1998-02-02,1998-03-02,1998-02-09,2,3.04,Around the Horn,Brook Farm Stratford St. Mary,Colchester,Essex,CO7 6JX,UK
366,10867,LONEP,6,1998-02-03,1998-03-17,1998-02-11,1,1.93,Lonesome Pine Restaurant,89 Chiaroscuro Rd.,Portland,OR,97219,USA
367,10869,SEVES,5,1998-02-04,1998-03-04,1998-02-09,1,143.28,Seven Seas Imports,90 Wadhurst Rd.,London,,OX15 4NB,UK
368,10870,WOLZA,5,1998-02-04,1998-03-04,1998-02-13,3,12.04,Wolski Zajazd,ul. Filtrowa 68,Warszawa,,01-012,Poland
369,10871,BONAP,9,1998-02-05,1998-03-05,1998-02-10,2,112.27,Bon app',"12, rue des Bouchers",Marseille,,13008,France
370,10873,WILMK,4,1998-02-06,1998-03-06,1998-02-09,1,0.82,Wilman Kala,Keskuskatu 45,Helsinki,,21240,Finland
371,10876,BONAP,7,1998-02-09,1998-03-09,1998-02-12,3,60.42,Bon app',"12, rue des Bouchers",Marseille,,13008,France
372,10877,RICAR,1,1998-02-09,1998-03-09,1998-02-19,1,38.06,Ricardo Adocicados,"Av. Copacabana, 267",Rio de Janeiro,RJ,02389-890,Brazil
373,10879,WILMK,3,1998-02-10,1998-03-10,1998-02-12,3,8.5,Wilman Kala,Keskuskatu 45,Helsinki,,21240,Finland
374,10881,CACTU,4,1998-02-11,1998-03-11,1998-02-18,1,2.84,Cactus Comidas para llevar,Cerrito 333,Buenos Aires,,1010,Argentina
375,10882,SAVEA,4,1998-02-11,1998-03-11,1998-02-20,3,23.1,Save-a-lot Markets,187 Suffolk Ln.,Boise,ID,83720,USA
376,10883,LONEP,8,1998-02-12,1998-03-12,1998-02-20,3,0.53,Lonesome Pine Restaurant,89 Chiaroscuro Rd.,Portland,OR,97219,USA
377,10884,LETSS,4,1998-02-12,1998-03-12,1998-02-13,2,90.97,Let's Stop N Shop,87 Polk St. Suite 5,San Francisco,CA,94117,USA
378,10889,RATTC,9,1998-02-16,1998-03-16,1998-02-23,3,280.61,Rattlesnake Canyon Grocery,2817 Milton Dr.,Albuquerque,NM,87110,USA
379,10890,DUMON,7,1998-02-16,1998-03-16,1998-02-18,1,32.76,Du monde entier,"67, rue des Cinquante Otages",Nantes,,44000,France
380,10891,LEHMS,7,1998-02-17,1998-03-17,1998-02-19,2,20.37,Lehmanns Marktstand,Magazinweg 7,Frankfurt a.M.,,60528,Germany
381,10892,MAISD,4,1998-02-17,1998-03-17,1998-02-19,2,120.27,Maison Dewey,Rue Joseph-Bens 532,Bruxelles,,B-1180,Belgium
382,10894,SAVEA,1,1998-02-18,1998-03-18,1998-02-20,1,116.13,Save-a-lot Markets,187 Suffolk Ln.,Boise,ID,83720,USA
383,10895,ERNSH,3,1998-02-18,1998-03-18,1998-02-23,1,162.75,Ernst Handel,Kirchgasse 6,Graz,,8010,Austria
384,10896,MAISD,7,1998-02-19,1998-03-19,1998-02-27,3,32.45,Maison Dewey,Rue Joseph-Bens 532,Bruxelles,,B-1180,Belgium
385,10897,HUNGO,3,1998-02-19,1998-03-19,1998-02-25,2,603.54,Hungry Owl All-Night Grocers,8 Johnstown Road,Cork,Co. Cork,,Ireland
386,10900,WELLI,1,1998-02-20,1998-03-20,1998-03-04,2,1.66,Wellington Importadora,"Rua do Mercado, 12",Resende,SP,08737-363,Brazil
387,10904,WHITC,3,1998-02-24,1998-03-24,1998-02-27,3,162.95,White Clover Markets,1029 - 12th Ave. S.,Seattle,WA,98124,USA
388,10905,WELLI,9,1998-02-24,1998-03-24,1998-03-06,2,13.72,Wellington Importadora,"Rua do Mercado, 12",Resende,SP,08737-363,Brazil
389,10906,WOLZA,4,1998-02-25,1998-03-11,1998-03-03,3,26.29,Wolski Zajazd,ul. Filtrowa 68,Warszawa,,01-012,Poland
390,10908,REGGC,4,1998-02-26,1998-03-26,1998-03-06,2,32.96,Reggiani Caseifici,Strada Provinciale 124,Reggio Emilia,,42100,Italy
391,10910,WILMK,1,1998-02-26,1998-03-26,1998-03-04,3,38.11,Wilman Kala,Keskuskatu 45,Helsinki,,21240,Finland
392,10912,HUNGO,2,1998-02-26,1998-03-26,1998-03-18,2,580.91,Hungry Owl All-Night Grocers,8 Johnstown Road,Cork,Co. Cork,,Ireland
393,10916,RANCH,1,1998-02-27,1998-03-27,1998-03-09,2,63.77,Rancho grande,Av. del Libertador 900,Buenos Aires,,1010,Argentina
394,10918,BOTTM,3,1998-03-02,1998-03-30,1998-03-11,3,48.83,Bottom-Dollar Markets,23 Tsawassen Blvd.,Tsawassen,BC,T2F 8M4,Canada
395,10919,LINOD,2,1998-03-02,1998-03-30,1998-03-04,2,19.8,LINO-Delicateses,Ave. 5 de Mayo Porlamar,I. de Margarita,Nueva Esparta,4980,Venezuela
396,10920,AROUT,4,1998-03-03,1998-03-31,1998-03-09,2,29.61,Around the Horn,Brook Farm Stratford St. Mary,Colchester,Essex,CO7 6JX,UK
397,10923,LAMAI,7,1998-03-03,1998-04-14,1998-03-13,3,68.26,La maison d'Asie,1 rue Alsace-Lorraine,Toulouse,,31000,France
398,10927,LACOR,4,1998-03-05,1998-04-02,1998-04-08,1,19.79,La corne d'abondance,"67, avenue de l'Europe",Versailles,,78000,France
399,10932,BONAP,8,1998-03-06,1998-04-03,1998-03-24,1,134.64,Bon app',"12, rue des Bouchers",Marseille,,13008,France
400,10933,ISLAT,6,1998-03-06,1998-04-03,1998-03-16,3,54.15,Island Trading,Garden House Crowther Way,Cowes,Isle of Wight,PO31 7PJ,UK
401,10934,LEHMS,3,1998-03-09,1998-04-06,1998-03-12,3,32.01,Lehmanns Marktstand,Magazinweg 7,Frankfurt a.M.,,60528,Germany
402,10935,WELLI,4,1998-03-09,1998-04-06,1998-03-18,3,47.59,Wellington Importadora,"Rua do Mercado, 12",Resende,SP,08737-363,Brazil
403,10936,GREAL,3,1998-03-09,1998-04-06,1998-03-18,2,33.68,Great Lakes Food Market,2732 Baker Blvd.,Eugene,OR,97403,USA
404,10937,CACTU,7,1998-03-10,1998-03-24,1998-03-13,3,31.51,Cactus Comidas para llevar,Cerrito 333,Buenos Aires,,1010,Argentina
405,10939,MAGAA,2,1998-03-10,1998-04-07,1998-03-13,2,76.33,Magazzini Alimentari Riuniti,Via Ludovico il Moro 22,Bergamo,,24100,Italy
406,10940,BONAP,8,1998-03-11,1998-04-08,1998-03-23,3,19.77,Bon app',"12, rue des Bouchers",Marseille,,13008,France
407,10941,SAVEA,7,1998-03-11,1998-04-08,1998-03-20,2,400.81,Save-a-lot Markets,187 Suffolk Ln.,Boise,ID,83720,USA
408,10942,REGGC,9,1998-03-11,1998-04-08,1998-03-18,3,17.95,Reggiani Caseifici,Strada Provinciale 124,Reggio Emilia,,42100,Italy
409,10943,BSBEV,4,1998-03-11,1998-04-08,1998-03-19,2,2.17,B's Beverages,Fauntleroy Circus,London,,EC2 5NT,UK
410,10944,BOTTM,6,1998-03-12,1998-03-26,1998-03-13,3,52.92,Bottom-Dollar Markets,23 Tsawassen Blvd.,Tsawassen,BC,T2F 8M4,Canada
411,10945,MORGK,4,1998-03-12,1998-04-09,1998-03-18,1,10.22,Morgenstern Gesundkost,Heerstr. 22,Leipzig,,04179,Germany
412,10947,BSBEV,3,1998-03-13,1998-04-10,1998-03-16,2,3.26,B's Beverages,Fauntleroy Circus,London,,EC2 5NT,UK
413,10949,BOTTM,2,1998-03-13,1998-04-10,1998-03-17,3,74.44,Bottom-Dollar Markets,23 Tsawassen Blvd.,Tsawassen,BC,T2F 8M4,Canada
414,10950,MAGAA,1,1998-03-16,1998-04-13,1998-03-23,2,2.5,Magazzini Alimentari Riuniti,Via Ludovico il Moro 22,Bergamo,,24100,Italy
415,10952,ALFKI,1,1998-03-16,1998-04-27,1998-03-24,1,40.42,Alfred's Futterkiste,Obere Str. 57,Berlin,,12209,Germany
416,10953,AROUT,9,1998-03-16,1998-03-30,1998-03-25,2,23.72,Around the Horn,Brook Farm Stratford St. Mary,Colchester,Essex,CO7 6JX,UK
417,10954,LINOD,5,1998-03-17,1998-04-28,1998-03-20,1,27.91,LINO-Delicateses,Ave. 5 de Mayo Porlamar,I. de Margarita,Nueva Esparta,4980,Venezuela
418,10956,BLAUS,6,1998-03-17,1998-04-28,1998-03-20,2,44.65,Blauer See Delikatessen,Forsterstr. 57,Mannheim,,68306,Germany
419,10959,GOURL,6,1998-03-18,1998-04-29,1998-03-23,2,4.98,Gourmet Lanchonetes,"Av. Brasil, 442",Campinas,SP,04876-786,Brazil
420,10963,FURIB,9,1998-03-19,1998-04-16,1998-03-26,3,2.7,Furia Bacalhau e Frutos do Mar,Jardim das rosas n. 32,Lisboa,,1675,Portugal
421,10965,OLDWO,6,1998-03-20,1998-04-17,1998-03-30,3,144.38,Old World Delicatessen,2743 Bering St.,Anchorage,AK,99508,USA
422,10966,CHOPS,4,1998-03-20,1998-04-17,1998-04-08,1,27.19,Chop-suey Chinese,Hauptstr. 31,Bern,,3012,Switzerland
423,10968,ERNSH,1,1998-03-23,1998-04-20,1998-04-01,3,74.6,Ernst Handel,Kirchgasse 6,Graz,,8010,Austria
424,10971,FRANR,2,1998-03-24,1998-04-21,1998-04-02,2,121.82,France restauration,"54, rue Royale",Nantes,,44000,France
425,10972,LACOR,4,1998-03-24,1998-04-21,1998-03-26,2,0.02,La corne d'abondance,"67, avenue de l'Europe",Versailles,,78000,France
426,10973,LACOR,6,1998-03-24,1998-04-21,1998-03-27,2,15.17,La corne d'abondance,"67, avenue de l'Europe",Versailles,,78000,France
427,10974,SPLIR,3,1998-03-25,1998-04-08,1998-04-03,3,12.96,Split Rail Beer & Ale,P.O. Box 555,Lander,WY,82520,USA
428,10975,BOTTM,1,1998-03-25,1998-04-22,1998-03-27,3,32.27,Bottom-Dollar Markets,23 Tsawassen Blvd.,Tsawassen,BC,T2F 8M4,Canada
429,10978,MAISD,9,1998-03-26,1998-04-23,1998-04-23,2,32.82,Maison Dewey,Rue Joseph-Bens 532,Bruxelles,,B-1180,Belgium
430,10979,ERNSH,8,1998-03-26,1998-04-23,1998-03-31,2,353.07,Ernst Handel,Kirchgasse 6,Graz,,8010,Austria
431,10982,BOTTM,2,1998-03-27,1998-04-24,1998-04-08,1,14.01,Bottom-Dollar Markets,23 Tsawassen Blvd.,Tsawassen,BC,T2F 8M4,Canada
432,10983,SAVEA,2,1998-03-27,1998-04-24,1998-04-06,2,657.54,Save-a-lot Markets,187 Suffolk Ln.,Boise,ID,83720,USA
433,10984,SAVEA,1,1998-03-30,1998-04-27,1998-04-03,3,211.22,Save-a-lot Markets,187 Suffolk Ln.,Boise,ID,83720,USA
434,10985,HUNGO,2,1998-03-30,1998-04-27,1998-04-02,1,91.51,Hungry Owl All-Night Grocers,8 Johnstown Road,Cork,Co. Cork,,Ireland
435,10987,EASTC,8,1998-03-31,1998-04-28,1998-04-06,1,185.48,Eastern Connection,35 King George,London,,WX3 6FW,UK
436,10988,RATTC,3,1998-03-31,1998-04-28,1998-04-10,2,61.14,Rattlesnake Canyon Grocery,2817 Milton Dr.,Albuquerque,NM,87110,USA
437,10990,ERNSH,2,1998-04-01,1998-05-13,1998-04-07,3,117.61,Ernst Handel,Kirchgasse 6,Graz,,8010,Austria
438,10992,THEBI,1,1998-04-01,1998-04-29,1998-04-03,3,4.27,The Big Cheese,89 Jefferson Way Suite 2,Portland,OR,97201,USA
439,10998,WOLZA,8,1998-04-03,1998-04-17,1998-04-17,2,20.31,Wolski Zajazd,ul. Filtrowa 68,Warszawa,,01-012,Poland
440,11000,RATTC,2,1998-04-06,1998-05-04,1998-04-14,3,55.12,Rattlesnake Canyon Grocery,2817 Milton Dr.,Albuquerque,NM,87110,USA
441,11002,SAVEA,4,1998-04-06,1998-05-04,1998-04-16,1,141.16,Save-a-lot Markets,187 Suffolk Ln.,Boise,ID,83720,USA
442,11003,THECR,3,1998-04-06,1998-05-04,1998-04-08,3,14.91,The Cracker Box,55 Grizzly Peak Rd.,Butte,MT,59801,USA
443,11004,MAISD,3,1998-04-07,1998-05-05,1998-04-20,1,44.84,Maison Dewey,Rue Joseph-Bens 532,Bruxelles,,B-1180,Belgium
444,11005,WILMK,2,1998-04-07,1998-05-05,1998-04-10,1,0.75,Wilman Kala,Keskuskatu 45,Helsinki,,21240,Finland
445,11006,GREAL,3,1998-04-07,1998-05-05,1998-04-15,2,25.19,Great Lakes Food Market,2732 Baker Blvd.,Eugene,OR,97403,USA
446,11008,ERNSH,7,1998-04-08,1998-05-06,,3,79.46,Ernst Handel,Kirchgasse 6,Graz,,8010,Austria
447,11010,REGGC,2,1998-04-09,1998-05-07,1998-04-21,2,28.71,Reggiani Caseifici,Strada Provinciale 124,Reggio Emilia,,42100,Italy
448,11011,ALFKI,3,1998-04-09,1998-05-07,1998-04-13,1,1.21,Alfred's Futterkiste,Obere Str. 57,Berlin,,12209,Germany
449,11014,LINOD,2,1998-04-10,1998-05-08,1998-04-15,3,23.6,LINO-Delicateses,Ave. 5 de Mayo Porlamar,I. de Margarita,Nueva Esparta,4980,Venezuela
450,11016,AROUT,9,1998-04-10,1998-05-08,1998-04-13,2,33.8,Around the Horn,Brook Farm Stratford St. Mary,Colchester,Essex,CO7 6JX,UK
451,11017,ERNSH,9,1998-04-13,1998-05-11,1998-04-20,2,754.26,Ernst Handel,Kirchgasse 6,Graz,,8010,Austria
452,11018,LONEP,4,1998-04-13,1998-05-11,1998-04-16,2,11.65,Lonesome Pine Restaurant,89 Chiaroscuro Rd.,Portland,OR,97219,USA
453,11019,RANCH,6,1998-04-13,1998-05-11,,3,3.17,Rancho grande,Av. del Libertador 900,Buenos Aires,,1010,Argentina
454,11023,BSBEV,1,1998-04-14,1998-04-28,1998-04-24,2,123.83,B's Beverages,Fauntleroy Circus,London,,EC2 5NT,UK
455,11024,EASTC,4,1998-04-15,1998-05-13,1998-04-20,1,74.36,Eastern Connection,35 King George,London,,WX3 6FW,UK
456,11025,WARTH,6,1998-04-15,1998-05-13,1998-04-24,3,29.17,Wartian Herkku,Torikatu 38,Oulu,,90110,Finland
457,11026,FRANS,4,1998-04-15,1998-05-13,1998-04-28,1,47.09,Franchi S.p.A.,Via Monte Bianco 34,Torino,,10100,Italy
458,11027,BOTTM,1,1998-04-16,1998-05-14,1998-04-20,1,52.52,Bottom-Dollar Markets,23 Tsawassen Blvd.,Tsawassen,BC,T2F 8M4,Canada
459,11029,CHOPS,4,1998-04-16,1998-05-14,1998-04-27,1,47.84,Chop-suey Chinese,Hauptstr. 31,Bern,,3012,Switzerland
460,11030,SAVEA,7,1998-04-17,1998-05-15,1998-04-27,2,830.75,Save-a-lot Markets,187 Suffolk Ln.,Boise,ID,83720,USA
461,11031,SAVEA,6,1998-04-17,1998-05-15,1998-04-24,2,227.22,Save-a-lot Markets,187 Suffolk Ln.,Boise,ID,83720,USA
462,11032,WHITC,2,1998-04-17,1998-05-15,1998-04-23,3,606.19,White Clover Markets,1029 - 12th Ave. S.,Seattle,WA,98124,USA
463,11034,OLDWO,8,1998-04-20,1998-06-01,1998-04-27,1,40.32,Old World Delicatessen,2743 Bering St.,Anchorage,AK,99508,USA
464,11036,DRACD,8,1998-04-20,1998-05-18,1998-04-22,3,149.47,Drachenblut Delikatessen,Walserweg 21,Aachen,,52066,Germany
465,11039,LINOD,1,1998-04-21,1998-05-19,,2,65.0,LINO-Delicateses,Ave. 5 de Mayo Porlamar,I. de Margarita,Nueva Esparta,4980,Venezuela
466,11040,GREAL,4,1998-04-22,1998-05-20,,3,18.84,Great Lakes Food Market,2732 Baker Blvd.,Eugene,OR,97403,USA
467,11041,CHOPS,3,1998-04-22,1998-05-20,1998-04-28,2,48.22,Chop-suey Chinese,Hauptstr. 31,Bern,,3012,Switzerland
468,11044,WOLZA,4,1998-04-23,1998-05-21,1998-05-01,1,8.72,Wolski Zajazd,ul. Filtrowa 68,Warszawa,,01-012,Poland
469,11045,BOTTM,6,1998-04-23,1998-05-21,,2,70.58,Bottom-Dollar Markets,23 Tsawassen Blvd.,Tsawassen,BC,T2F 8M4,Canada
470,11046,WANDK,8,1998-04-23,1998-05-21,1998-04-24,2,71.64,Die Wandernde Kuh,Adenauerallee 900,Stuttgart,,70563,Germany
471,11047,EASTC,7,1998-04-24,1998-05-22,1998-05-01,3,46.62,Eastern Connection,35 King George,London,,WX3 6FW,UK
472,11048,BOTTM,7,1998-04-24,1998-05-22,1998-04-30,3,24.12,Bottom-Dollar Markets,23 Tsawassen Blvd.,Tsawassen,BC,T2F 8M4,Canada
473,11049,GOURL,3,1998-04-24,1998-05-22,1998-05-04,1,8.34,Gourmet Lanchonetes,"Av. Brasil, 442",Campinas,SP,04876-786,Brazil
474,11051,LAMAI,7,1998-04-27,1998-05-25,,3,2.79,La maison d'Asie,1 rue Alsace-Lorraine,Toulouse,,31000,France
475,11053,PICCO,2,1998-04-27,1998-05-25,1998-04-29,2,53.05,Piccolo und mehr,Geislweg 14,Salzburg,,5020,Austria
476,11054,CACTU,8,1998-04-28,1998-05-26,,1,0.33,Cactus Comidas para llevar,Cerrito 333,Buenos Aires,,1010,Argentina
477,11056,EASTC,8,1998-04-28,1998-05-12,1998-05-01,2,278.96,Eastern Connection,35 King George,London,,WX3 6FW,UK
478,11057,NORTS,3,1998-04-29,1998-05-27,1998-05-01,3,4.13,North/South,South House 300 Queensbridge,London,,SW7 1RZ,UK
479,11058,BLAUS,9,1998-04-29,1998-05-27,,3,31.14,Blauer See Delikatessen,Forsterstr. 57,Mannheim,,68306,Germany
480,11059,RICAR,2,1998-04-29,1998-06-10,,2,85.8,Ricardo Adocicados,"Av. Copacabana, 267",Rio de Janeiro,RJ,02389-890,Brazil
481,11060,FRANS,2,1998-04-30,1998-05-28,1998-05-04,2,10.98,Franchi S.p.A.,Via Monte Bianco 34,Torino,,10100,Italy
482,11061,GREAL,4,1998-04-30,1998-06-11,,3,14.01,Great Lakes Food Market,2732 Baker Blvd.,Eugene,OR,97403,USA
483,11062,REGGC,4,1998-04-30,1998-05-28,,2,29.93,Reggiani Caseifici,Strada Provinciale 124,Reggio Emilia,,42100,Italy
484,11063,HUNGO,3,1998-04-30,1998-05-28,1998-05-06,2,81.73,Hungry Owl All-Night Grocers,8 Johnstown Road,Cork,Co. Cork,,Ireland
485,11064,SAVEA,1,1998-05-01,1998-05-29,1998-05-04,1,30.09,Save-a-lot Markets,187 Suffolk Ln.,Boise,ID,83720,USA
486,11066,WHITC,7,1998-05-01,1998-05-29,1998-05-04,2,44.72,White Clover Markets,1029 - 12th Ave. S.,Seattle,WA,98124,USA
487,11067,DRACD,1,1998-05-04,1998-05-18,1998-05-06,2,7.98,Drachenblut Delikatessen,Walserweg 21,Aachen,,52066,Germany
488,11070,LEHMS,2,1998-05-05,1998-06-02,,1,136.0,Lehmanns Marktstand,Magazinweg 7,Frankfurt a.M.,,60528,Germany
489,11072,ERNSH,4,1998-05-05,1998-06-02,,2,258.64,Ernst Handel,Kirchgasse 6,Graz,,8010,Austria
490,11076,BONAP,4,1998-05-06,1998-06-03,,2,38.28,Bon app',"12, rue des Bouchers",Marseille,,13008,France
491,11077,RATTC,1,1998-05-06,1998-06-03,,2,8.53,Rattlesnake Canyon Grocery,2817 Milton Dr.,Albuquerque,NM,87110,USA
